Model,Class_ID,Class_Name,Precision,Recall,mAP50,mAP50-95
RTDETR_L_150epochs,0,adzuki_bean,0.960481106139508,0.8439148061727872,0.8521623570223715,0.5395626168115397
YOLO26s_150epochs,0,adzuki_bean,0.9548838208620112,0.8333333333333334,0.8711517595392106,0.5375854772558223
RTDETR_L_150epochs,1,allspice,0.9934808399690136,0.9627329192546584,0.9649358974358974,0.7443083544043149
YOLO26s_150epochs,1,allspice,0.9736392718199356,0.9176530540545974,0.9341545435378453,0.7539799153662448
RTDETR_L_150epochs,2,amaranth,0.9987178500391317,0.9178082191780822,0.915,0.7233757631635243
YOLO26s_150epochs,2,amaranth,0.9698186832742862,0.8803712389783701,0.8941739774410391,0.730810287698854
RTDETR_L_150epochs,3,anchovy,0.9830149317613615,0.9375,0.9447841726618705,0.6954521269665409
YOLO26s_150epochs,3,anchovy,0.9578360938471837,0.9097222222222222,0.9317996982633302,0.662316580220593
RTDETR_L_150epochs,4,apple,0.9979140968065836,0.935251798561151,0.935,0.7081433561186381
YOLO26s_150epochs,4,apple,0.9436422304202616,0.8992805755395683,0.9314559345845673,0.7392250062934739
RTDETR_L_150epochs,5,apricot,0.9986201882316921,0.8680555555555556,0.8842424242424243,0.6613528124800785
YOLO26s_150epochs,5,apricot,0.9454934305575953,0.8432415926260058,0.8532422440238865,0.5901088571482271
RTDETR_L_150epochs,6,artichoke,0.988476398796609,0.927007299270073,0.934768028846154,0.7472570411101289
YOLO26s_150epochs,6,artichoke,0.9839577685760951,0.8954212150710731,0.9136436073012131,0.7528398456316647
RTDETR_L_150epochs,7,artichoke_heart,0.9832109111901357,0.935251798561151,0.93461592670895,0.7540445277502394
YOLO26s_150epochs,7,artichoke_heart,0.9768293504039348,0.9098997752373804,0.923950226244344,0.7709220402005605
RTDETR_L_150epochs,8,arugula,0.9936222516901047,0.8571428571428571,0.890148740108602,0.6527603567993611
YOLO26s_150epochs,8,arugula,0.967746713507794,0.8571428571428571,0.8547560975609756,0.6616396676442483
RTDETR_L_150epochs,9,asparagus,0.9651991611403454,0.8920863309352518,0.8943573988735279,0.6306520815630484
YOLO26s_150epochs,9,asparagus,0.9387396293978982,0.8561151079136691,0.8898567390589163,0.6008419330919087
RTDETR_L_150epochs,10,avocado,0.9924654322223653,0.961482686830982,0.9649248120300752,0.7532304673681457
YOLO26s_150epochs,10,avocado,0.9689064366330489,0.9098231417607724,0.9335574099842276,0.7225737572193147
RTDETR_L_150epochs,11,avocado_oil,0.9920389285236163,0.9299486884101176,0.9347619047619049,0.7173826113723891
YOLO26s_150epochs,11,avocado_oil,0.9833920927724237,0.8837805487148925,0.8941798319327732,0.7001470694801825
RTDETR_L_150epochs,12,bacon,0.9794442614022274,0.9788732394366197,0.9845238095238095,0.7815831685506307
YOLO26s_150epochs,12,bacon,0.9768617945693465,0.9647887323943662,0.9738163523235465,0.8107137323973452
RTDETR_L_150epochs,13,baked_bean,0.9656758884991795,0.9635048760652477,0.9638662777630356,0.7424820540914827
YOLO26s_150epochs,13,baked_bean,0.964303804363694,0.92514670977989,0.9516391360962677,0.732076949875258
RTDETR_L_150epochs,14,bamboo_shoot,1.0,0.9471905442972284,0.9550000000000001,0.6936494096779222
YOLO26s_150epochs,14,bamboo_shoot,0.992714511115775,0.9145003164754605,0.9342353182196428,0.6849849401799858
RTDETR_L_150epochs,15,banana,0.9990449580519748,0.8962962962962963,0.9049186991869919,0.6271450968070211
YOLO26s_150epochs,15,banana,0.9546723452477419,0.8518518518518519,0.8822654678382389,0.6004687494109566
RTDETR_L_150epochs,16,barley,0.9645178037890052,0.8857142857142857,0.8897685962310823,0.6521233466625872
YOLO26s_150epochs,16,barley,0.9696742504202205,0.8142857142857143,0.8433464765629929,0.6192384089635212
RTDETR_L_150epochs,17,beef,0.9927368911027707,0.9558298125103759,0.9646402877697842,0.7216465336728458
YOLO26s_150epochs,17,beef,0.9961145793817722,0.916083916083916,0.9344160583941608,0.7178392355708809
RTDETR_L_150epochs,18,beet,0.9950200010330923,0.9527027027027027,0.9648620689655172,0.7180502109974405
YOLO26s_150epochs,18,beet,0.9439499905233716,0.910345023283432,0.9219859164859165,0.681126434776759
RTDETR_L_150epochs,19,bergamot,0.9837789915911803,0.9103448275862069,0.9238074291620595,0.6250332328168421
YOLO26s_150epochs,19,bergamot,0.9279063329662814,0.8876546751442829,0.9084359077192281,0.5772268840225815
RTDETR_L_150epochs,20,bison,0.959157102643105,0.934640522875817,0.932228132258877,0.7108306981192241
YOLO26s_150epochs,20,bison,0.9478005830504572,0.9019607843137255,0.9398871852301482,0.7105371289158612
RTDETR_L_150epochs,21,black_bean,0.9924714539244239,0.9552814862114957,0.9646262879420774,0.7398710829558144
YOLO26s_150epochs,21,black_bean,0.9498446798586293,0.8768115942028986,0.8741031746031747,0.6982575867286803
RTDETR_L_150epochs,22,black_cherry,0.9753758283776665,0.8846153846153846,0.8945774225774226,0.6646219714101053
YOLO26s_150epochs,22,black_cherry,0.9380603767570824,0.8589743589743589,0.8911632789405823,0.642525283965599
RTDETR_L_150epochs,23,black_sapote,0.9938300519469756,0.8904109589041096,0.895,0.6847540089008989
YOLO26s_150epochs,23,black_sapote,0.969610076269996,0.8741394501040585,0.8922738889554169,0.6630900967602427
RTDETR_L_150epochs,24,blackberry,0.9979254929556048,0.9407894736842105,0.9450000000000001,0.6515688440277628
YOLO26s_150epochs,24,blackberry,0.9721772523226648,0.9144736842105263,0.9239688782105993,0.6699152247064069
RTDETR_L_150epochs,25,blueberry,1.0,0.890879265365024,0.914573348918761,0.7098581148335628
YOLO26s_150epochs,25,blueberry,0.9909361813639653,0.8677045591588622,0.8842122892122892,0.6651637248982305
RTDETR_L_150epochs,26,bok_choy,0.9660189607658666,0.9064748201438849,0.90347848883143,0.703312087678513
YOLO26s_150epochs,26,bok_choy,0.976693308790246,0.9064748201438849,0.9236013812544046,0.6943659058006265
RTDETR_L_150epochs,27,boysenberry,0.9600477503993102,0.8834589246899065,0.8833116155247303,0.6136378542420106
YOLO26s_150epochs,27,boysenberry,0.9410272402470883,0.8213282642327873,0.8592849459927817,0.5859924112448702
RTDETR_L_150epochs,28,bread,0.9927930504892918,0.9435362635999568,0.9546483372742366,0.7676553540049555
YOLO26s_150epochs,28,bread,0.9749849279373382,0.9178082191780822,0.9429914222036286,0.8155384730410458
RTDETR_L_150epochs,29,breadfruit,0.9934739823619673,0.8985507246376812,0.9049206349206349,0.6461304652868542
YOLO26s_150epochs,29,breadfruit,0.953793319333124,0.927536231884058,0.9323519580049825,0.6430051155373148
RTDETR_L_150epochs,30,broccoli,0.9087327989932333,0.8183833106112965,0.8046765141547492,0.5401964488106079
YOLO26s_150epochs,30,broccoli,0.8433335111918998,0.8111467966774913,0.8249411451780064,0.579833528901957
RTDETR_L_150epochs,31,broccoli_stem,0.8940676024073666,0.8249730721370405,0.8327435960996543,0.60297255672305
YOLO26s_150epochs,31,broccoli_stem,0.8169692504523349,0.8045112781954887,0.8351424353045813,0.5953804913732957
RTDETR_L_150epochs,32,brussels_sprout,0.9946827559457072,0.9583333333333334,0.9747187812187812,0.7428965144583283
YOLO26s_150epochs,32,brussels_sprout,0.9806644874762911,0.9166666666666666,0.9326797004852007,0.7450695743760097
RTDETR_L_150epochs,33,buckwheat,0.9845439294576627,0.8726085513869936,0.893094028086107,0.6438081374193623
YOLO26s_150epochs,33,buckwheat,0.9196521510508461,0.8623654286297417,0.883504006043203,0.6484212285745456
RTDETR_L_150epochs,34,buffalo,0.9844949811075344,0.8880459022643672,0.8845348837209303,0.6857811358045153
YOLO26s_150epochs,34,buffalo,0.94271991989704,0.8811188811188811,0.8847674691733567,0.6787115406780826
RTDETR_L_150epochs,35,bulgur,0.9821348244388604,0.921875,0.9247478991596639,0.7101634509630848
YOLO26s_150epochs,35,bulgur,0.9744397847144819,0.8515625,0.8923259928838574,0.6794386173387802
RTDETR_L_150epochs,36,butter,0.9902387521149942,0.958904109589041,0.9550000000000001,0.7837172162931462
YOLO26s_150epochs,36,butter,0.9685640672019381,0.9178082191780822,0.9532454076890395,0.804016576007992
RTDETR_L_150epochs,37,cabbage,0.9781537179579788,0.8895677521270344,0.8944841012329656,0.6531360169244987
YOLO26s_150epochs,37,cabbage,0.9485781053699684,0.8211920529801324,0.8685594622838856,0.6569937902339766
RTDETR_L_150epochs,38,cannellini_bean,0.9816591353430844,0.8627450980392157,0.8646251566594508,0.6780606760834489
YOLO26s_150epochs,38,cannellini_bean,0.9479336971321031,0.8329790673386963,0.8687885409895733,0.6857434184118566
RTDETR_L_150epochs,39,canola_oil,0.9945203369175076,0.9552238805970149,0.9649230769230769,0.8035193321813795
YOLO26s_150epochs,39,canola_oil,0.9709628180613001,0.9328358208955224,0.9436862826357233,0.7918493470502196
RTDETR_L_150epochs,40,caper,0.9856750910703377,0.9556849730165675,0.9550000000000001,0.7747177083274102
YOLO26s_150epochs,40,caper,0.9646900080607249,0.9375,0.9347058823529413,0.7841821134642
RTDETR_L_150epochs,41,cardamom,0.984537109215179,0.9295157720385108,0.9445419847328245,0.7061266513139502
YOLO26s_150epochs,41,cardamom,0.9765837380286236,0.8686131386861314,0.9113534883328642,0.6990408974745281
RTDETR_L_150epochs,42,caribou,0.9922333026536021,0.846068168319726,0.8707085860399267,0.6073501639965937
YOLO26s_150epochs,42,caribou,0.9280718592386961,0.7814569536423841,0.7787945332473492,0.5496107406270097
RTDETR_L_150epochs,43,carrot,0.9769236284348748,0.904,0.9137166011085001,0.6772687687330293
YOLO26s_150epochs,43,carrot,0.9375429108217155,0.8406206621252931,0.869359527860565,0.6144026694323984
RTDETR_L_150epochs,44,cauliflower,0.992559665591207,0.9328975562582922,0.9347777777777778,0.7195475290730904
YOLO26s_150epochs,44,cauliflower,0.972363236053511,0.8741258741258742,0.921007624130305,0.648017366063663
RTDETR_L_150epochs,45,celeriac,0.9437344674541792,0.7345940752619236,0.7381339107864189,0.5515867280985812
YOLO26s_150epochs,45,celeriac,0.8551429441199422,0.7756348880207237,0.8452683867121755,0.5779819996312486
RTDETR_L_150epochs,46,celery,0.8273911681380258,0.832202108533883,0.8236605399166117,0.5986263553174741
YOLO26s_150epochs,46,celery,0.797632434960735,0.8333333333333334,0.8436017500127266,0.6151841630497897
RTDETR_L_150epochs,47,chard_stalk,0.9658634822056484,0.855072463768116,0.8645967741935484,0.6146577635684449
YOLO26s_150epochs,47,chard_stalk,0.9278119425087589,0.782608695652174,0.8174342638581253,0.5616163178745054
RTDETR_L_150epochs,48,cheese,0.9912376910703299,0.9852941176470589,0.985,0.7177213123443287
YOLO26s_150epochs,48,cheese,0.9601223451714466,0.9779411764705882,0.9840579133007167,0.7129304303709124
RTDETR_L_150epochs,49,cherimoya,0.9823966210073737,0.9130434782608695,0.9238243488794671,0.6820638323694416
YOLO26s_150epochs,49,cherimoya,0.9642533993802156,0.8768115942028986,0.876744559313786,0.6045405198465226
RTDETR_L_150epochs,50,cherry,0.9719436982217181,0.8705035971223022,0.8731816269284713,0.6336621345092078
YOLO26s_150epochs,50,cherry,0.9662999366596612,0.8251505585880606,0.8511704832812999,0.6307496561715027
RTDETR_L_150epochs,51,chia,0.9855864574115897,0.8805970149253731,0.8847478991596639,0.6626361828705668
YOLO26s_150epochs,51,chia,0.98830271594906,0.8507462686567164,0.8548260869565217,0.6251983804690007
RTDETR_L_150epochs,52,chicken,0.948197800511717,0.8920863309352518,0.8930804239854634,0.6557965095582526
YOLO26s_150epochs,52,chicken,0.9561106999550761,0.8345323741007195,0.8705591106365249,0.640468875895538
RTDETR_L_150epochs,53,chicken_breast,0.9985015004630026,0.944,0.9450000000000001,0.7570197571112537
YOLO26s_150epochs,53,chicken_breast,0.9423629620407654,0.944,0.9534257789269555,0.8129990211171176
RTDETR_L_150epochs,54,chicken_thigh,0.9972240407090406,0.9481481481481482,0.9450000000000001,0.7629390660674226
YOLO26s_150epochs,54,chicken_thigh,0.9691240003621654,0.9300175668028053,0.9630323872977962,0.7866529498628512
RTDETR_L_150epochs,55,chickpea,0.9708312081642453,0.9118746944404467,0.9242037483390502,0.713832890627826
YOLO26s_150epochs,55,chickpea,0.9762350604616451,0.8440946061809249,0.8636107861794438,0.655406245025615
RTDETR_L_150epochs,56,chili_pepper,1.0,0.9713224369789656,0.975,0.7922103958961676
YOLO26s_150epochs,56,chili_pepper,0.9650616542096757,0.9590966437300582,0.9643670634920635,0.8017489728041755
RTDETR_L_150epochs,57,chili_sauce,0.9897170752286479,0.9523809523809523,0.9550000000000001,0.7316261755154073
YOLO26s_150epochs,57,chili_sauce,0.9860194441100436,0.9387755102040817,0.9544413859961187,0.7380671927227874
RTDETR_L_150epochs,58,chive,0.9718543031218413,0.8560606060606061,0.8736785459729152,0.6694936179205393
YOLO26s_150epochs,58,chive,0.9571506242727077,0.8461337464078614,0.8724406516680201,0.63068627867077
RTDETR_L_150epochs,59,cinnamon,0.9633464907810225,0.8986486486486487,0.8943382352941176,0.6865301948603844
YOLO26s_150epochs,59,cinnamon,0.9156203328542246,0.8513513513513513,0.8726935639910209,0.6516553511758781
RTDETR_L_150epochs,60,clam,0.9839640279562107,0.9383561643835616,0.9529354838709678,0.7379102887777902
YOLO26s_150epochs,60,clam,0.9780129247349661,0.914010990095636,0.9238136953519913,0.744070266590331
RTDETR_L_150epochs,61,clove,0.9914667877067808,0.8670930677598175,0.8845790960451978,0.669296692707863
YOLO26s_150epochs,61,clove,0.9673728633438557,0.8432835820895522,0.8629401566441436,0.670704059081401
RTDETR_L_150epochs,62,coconut,0.9830201769885508,0.9424460431654677,0.9445454545454546,0.6984095053707395
YOLO26s_150epochs,62,coconut,0.9785857945857859,0.8848920863309353,0.9228161003170328,0.692788856407885
RTDETR_L_150epochs,63,coconut_oil,0.9844074517388317,0.9284405996749605,0.9442346175516311,0.7588808314495339
YOLO26s_150epochs,63,coconut_oil,0.9839167588950533,0.8996682458578112,0.9045147967479674,0.7464465197206172
RTDETR_L_150epochs,64,cod,1.0,0.8937757025409254,0.9146376811594203,0.6660277689046891
YOLO26s_150epochs,64,cod,0.9523324705512972,0.8210461314873653,0.8518394660113331,0.5905696327600075
RTDETR_L_150epochs,65,coffee,0.920111627758427,0.8161764705882353,0.830227047360441,0.5900844802765707
YOLO26s_150epochs,65,coffee,0.8895752704890062,0.7794117647058824,0.8147820084784456,0.5796441054125405
RTDETR_L_150epochs,66,collard_green,0.9955430678916359,0.9577464788732394,0.9550000000000001,0.7069257524432253
YOLO26s_150epochs,66,collard_green,0.9852668037012259,0.9418961829383997,0.9537363980224849,0.6784064374965462
RTDETR_L_150epochs,67,coriander,0.9588198433981125,0.8680555555555556,0.8730406587364496,0.6524808490479346
YOLO26s_150epochs,67,coriander,0.9664656585311856,0.8005722288634198,0.8805508578427576,0.6628527217861901
RTDETR_L_150epochs,68,corn,1.0,0.9538300025971375,0.9550000000000001,0.6889741938868785
YOLO26s_150epochs,68,corn,0.9850262364626086,0.9019607843137255,0.9336450039968026,0.6686559567236906
RTDETR_L_150epochs,69,corn_grit,0.9832718300797212,0.8943661971830986,0.9039359595070423,0.7096895608935496
YOLO26s_150epochs,69,corn_grit,0.9967321872901339,0.8591549295774648,0.9038663823738451,0.6801967603755709
RTDETR_L_150epochs,70,cornmeal,1.0,0.9290422171993504,0.925,0.7674290592096255
YOLO26s_150epochs,70,cornmeal,0.9745158572767412,0.9084507042253521,0.9241838572779386,0.7653724593092439
RTDETR_L_150epochs,71,couscouscucumber,0.9856348099392447,0.920984568515775,0.9248571428571429,0.700912997800868
YOLO26s_150epochs,71,couscouscucumber,0.9717053490147544,0.9219538556600869,0.9342995169082127,0.6855936464863022
RTDETR_L_150epochs,72,crab,0.9906353860942569,0.9214285714285714,0.9247692307692308,0.7149212923291004
YOLO26s_150epochs,72,crab,0.9594606896858411,0.845277770126354,0.8825169383992915,0.6370503882161518
RTDETR_L_150epochs,73,cracked_wheat,1.0,0.9167893760927592,0.925,0.6661674961806103
YOLO26s_150epochs,73,cracked_wheat,0.9537230465647656,0.8708163038628149,0.8827453950893993,0.6122811274195387
RTDETR_L_150epochs,74,cranberry,0.993206841352097,0.8686131386861314,0.9124369210001777,0.6522869244095427
YOLO26s_150epochs,74,cranberry,0.975198374209794,0.8613138686131386,0.8740502247410593,0.6464005692895982
RTDETR_L_150epochs,75,cucumber,0.9748425048569181,0.9242424242424242,0.9346850393700787,0.6883120719029261
YOLO26s_150epochs,75,cucumber,0.9350905397018879,0.8731069238003742,0.9018482147201946,0.6886271650712161
RTDETR_L_150epochs,76,cumin,0.9840623373136247,0.8913043478260869,0.913405867182463,0.6930130806467275
YOLO26s_150epochs,76,cumin,0.9313832300599325,0.8768115942028986,0.8910826886383619,0.6975805713834105
RTDETR_L_150epochs,77,daikon,0.9760603139306319,0.8928222491665493,0.9131538821614971,0.6680492000998574
YOLO26s_150epochs,77,daikon,0.9263374974319679,0.8261317813983046,0.8392430291544848,0.6075067228470677
RTDETR_L_150epochs,78,deer,0.8800889189400956,0.8478260869565217,0.8505074436474315,0.6493875608915991
YOLO26s_150epochs,78,deer,0.856645807635086,0.855072463768116,0.8726175615142071,0.6300570394199524
RTDETR_L_150epochs,79,dragon_fruit,0.9843544783146935,0.9236111111111112,0.9227511111111113,0.6760515696116076
YOLO26s_150epochs,79,dragon_fruit,0.9698416691963264,0.893299209046364,0.9130562269106368,0.593756452779553
RTDETR_L_150epochs,80,duck,0.9872404961437817,0.8881578947368421,0.9047122302158274,0.6577938545438058
YOLO26s_150epochs,80,duck,0.942476544211996,0.8355263157894737,0.8615454569020877,0.543846766957218
RTDETR_L_150epochs,81,dumpling_wrapper,0.9969865764828092,0.9383561643835616,0.935,0.7618194064059353
YOLO26s_150epochs,81,dumpling_wrapper,0.9877587818255892,0.9041095890410958,0.9242786918798875,0.776329090348828
RTDETR_L_150epochs,82,durian,0.9986060698454056,0.9111111111111111,0.9436464783854248,0.6726844935192278
YOLO26s_150epochs,82,durian,0.9645692321104968,0.8666666666666667,0.8723382633691878,0.6299527295748348
RTDETR_L_150epochs,83,egg,0.9976153953096357,0.9463087248322147,0.9450000000000001,0.7816524102852165
YOLO26s_150epochs,83,egg,0.9356986396936038,0.9395973154362416,0.9519636551137869,0.8406334041973109
RTDETR_L_150epochs,84,einkorn,0.9811829923106186,0.8843537414965986,0.9111861387337077,0.6623001984460549
YOLO26s_150epochs,84,einkorn,0.9641012886222139,0.7891156462585034,0.8124585859810818,0.6184353221567042
RTDETR_L_150epochs,85,elderberry,0.9658316553341696,0.8721804511278195,0.8907182881123638,0.6210333100841114
YOLO26s_150epochs,85,elderberry,0.9596352248316506,0.8345864661654135,0.8607262835644222,0.5664420037055274
RTDETR_L_150epochs,86,elk,0.9733224196109443,0.9424460431654677,0.9428064224332882,0.722411985737695
YOLO26s_150epochs,86,elk,0.95668241100334,0.920863309352518,0.9341125975473802,0.6802221838413949
RTDETR_L_150epochs,87,emmer,0.9833758795812042,0.8493150684931506,0.9122014056239829,0.6733095850750538
YOLO26s_150epochs,87,emmer,0.9685534709424561,0.8438445610283679,0.8627839212563218,0.6477365228972652
RTDETR_L_150epochs,88,farfalle,0.9910747924824144,0.7711289837321967,0.8105283387062308,0.5264442585708665
YOLO26s_150epochs,88,farfalle,0.9597891599084252,0.7291666666666666,0.7617084224281303,0.4933768318624675
RTDETR_L_150epochs,89,farro,0.9751557971876202,0.9253731343283582,0.9246011779015428,0.6798292889224217
YOLO26s_150epochs,89,farro,0.9437417711605871,0.8805970149253731,0.9165242518222695,0.6709607933427528
RTDETR_L_150epochs,90,fava_bean,0.9978190608627681,0.9241379310344827,0.934,0.684010115329759
YOLO26s_150epochs,90,fava_bean,0.9845123334405387,0.8767994199925336,0.9037766081615384,0.6101385823816551
RTDETR_L_150epochs,91,fennel,0.9917949996024805,0.9044117647058824,0.9046774193548387,0.6783721783149947
YOLO26s_150epochs,91,fennel,0.9644073681155839,0.8455882352941176,0.870994097286907,0.6378644143923752
RTDETR_L_150epochs,92,fettuccine,0.9922804520607872,0.9181655789957205,0.924923076923077,0.6781931914105661
YOLO26s_150epochs,92,fettuccine,0.9785031270905241,0.9,0.9043188817815684,0.6777557985874776
RTDETR_L_150epochs,93,fish_sauce,0.9961980160923735,0.958904109589041,0.9639240506329113,0.8128261044875632
YOLO26s_150epochs,93,fish_sauce,0.9790052625150495,0.9581754808917652,0.9647916666666666,0.8486807344303626
RTDETR_L_150epochs,94,flaxseed_oil,0.9963124016456284,0.9305555555555556,0.9546407867494824,0.7489287479415628
YOLO26s_150epochs,94,flaxseed_oil,0.9704410925281745,0.8958333333333334,0.9130276108634318,0.7223704750045757
RTDETR_L_150epochs,95,flour,0.9848977104514967,0.9250503712286375,0.9334901963961629,0.6823019262614854
YOLO26s_150epochs,95,flour,0.9328934654958854,0.8723404255319149,0.8968897167805698,0.6587028644029111
RTDETR_L_150epochs,96,freekeh,0.9841290287842249,0.9197080291970803,0.9241693121693122,0.7274131150682442
YOLO26s_150epochs,96,freekeh,0.9530057767323666,0.8881531709992128,0.9123348559347297,0.672057143296947
RTDETR_L_150epochs,97,fruit_cocktail,0.9929304060739877,0.9647887323943662,0.965,0.7524839651299186
YOLO26s_150epochs,97,fruit_cocktail,0.9634444070349109,0.9280228054569822,0.9428031147916163,0.777425922267938
RTDETR_L_150epochs,98,fusilli,0.9366755414356074,0.7448275862068966,0.7742897692503663,0.5020979042342963
YOLO26s_150epochs,98,fusilli,0.9454780968181364,0.6689655172413793,0.7260489038433396,0.4652585370871586
RTDETR_L_150epochs,99,garlic,0.9581927177482913,0.8848920863309353,0.8806845511418739,0.6493985700683714
YOLO26s_150epochs,99,garlic,0.9420303787539922,0.8183772862363488,0.8556470544585777,0.625697589886243
RTDETR_L_150epochs,100,garlic_bulb,0.9994283105559724,0.9652777777777778,0.965,0.778636272903783
YOLO26s_150epochs,100,garlic_bulb,0.9716692659975373,0.952711881601899,0.963936305028237,0.8217760184406174
RTDETR_L_150epochs,101,ginger,0.9612851874217998,0.8681854448441703,0.8823799129172714,0.6736731555716421
YOLO26s_150epochs,101,ginger,0.9463972964021281,0.8391608391608392,0.8626889760097682,0.6801056704482565
RTDETR_L_150epochs,102,glass_noodle,0.9894131515545294,0.9640287769784173,0.9645555555555555,0.7462294361760805
YOLO26s_150epochs,102,glass_noodle,0.9535891304422607,0.9712230215827338,0.9833406751681018,0.7940022910043661
RTDETR_L_150epochs,103,goat,1.0,0.9480443801180221,0.9550000000000001,0.738681896650247
YOLO26s_150epochs,103,goat,0.9670338323580872,0.8914728682170543,0.893872571872572,0.6709595520784586
RTDETR_L_150epochs,104,goji_berry,0.9704191978598116,0.898795329976269,0.9127250177693425,0.7018192297835208
YOLO26s_150epochs,104,goji_berry,0.9314917942584366,0.8835616438356164,0.8978154800440836,0.6536167654944196
RTDETR_L_150epochs,105,goose,0.9922179201466496,0.9239296917498422,0.921279069767442,0.6582833977080853
YOLO26s_150epochs,105,goose,0.9261786901669653,0.8695652173913043,0.8681869715254658,0.6359611355144247
RTDETR_L_150epochs,106,grapefruit,0.9860362840297944,0.9230691527500821,0.9441078046131238,0.7096144017907435
YOLO26s_150epochs,106,grapefruit,0.9623849231762306,0.9215686274509803,0.9242324485239395,0.6885548782794058
RTDETR_L_150epochs,107,grapeseed_oil,0.9982690188110164,0.9393939393939394,0.935,0.7511846550954616
YOLO26s_150epochs,107,grapeseed_oil,0.9768735333502163,0.9318181818181818,0.9347586991869918,0.7441170029883629
RTDETR_L_150epochs,108,green_bean,0.9872914318314023,0.9191176470588235,0.915,0.7297106006330786
YOLO26s_150epochs,108,green_bean,0.9306522635986059,0.8881033174416835,0.911320543747588,0.7118939926553784
RTDETR_L_150epochs,109,green_onion,0.9834617446092516,0.8823529411764706,0.8842519630803142,0.6374390107317238
YOLO26s_150epochs,109,green_onion,0.9047957461382066,0.8385671137889598,0.8536750208403152,0.6294666152569445
RTDETR_L_150epochs,110,grouse,0.9727206317531504,0.8976377952755905,0.8872755954334902,0.6272526436663921
YOLO26s_150epochs,110,grouse,0.9469271569058471,0.8582677165354331,0.8904479320763803,0.6406098552809029
RTDETR_L_150epochs,111,guava,0.990613168041097,0.9328358208955224,0.9348412698412699,0.7206935431931242
YOLO26s_150epochs,111,guava,0.9707042437352577,0.8507462686567164,0.8825182816177971,0.6903192977956817
RTDETR_L_150epochs,112,guinea_fowl,0.9949807333226126,0.9305555555555556,0.935,0.6699359523154926
YOLO26s_150epochs,112,guinea_fowl,0.9833140049234825,0.8819444444444444,0.9041692061574567,0.6545672310470322
RTDETR_L_150epochs,113,haddock,0.995959297394833,0.9387755102040817,0.935,0.6890342780617982
YOLO26s_150epochs,113,haddock,0.9851870983479021,0.9048813798213673,0.9144117647058823,0.6443319585221594
RTDETR_L_150epochs,114,ham,0.9996388048586936,0.9769230769230769,0.975,0.7947295190392045
YOLO26s_150epochs,114,ham,0.9266636141909141,0.9692307692307692,0.972616152364382,0.8224143788730729
RTDETR_L_150epochs,115,horseradish,1.0,0.9712015495540245,0.975,0.7923894109866247
YOLO26s_150epochs,115,horseradish,0.9851164278189528,0.925720906450546,0.9537345895179349,0.7755362149881251
RTDETR_L_150epochs,116,huckleberry,1.0,0.9561759964763854,0.9645714285714285,0.7243045846205723
YOLO26s_150epochs,116,huckleberry,0.9845520451917386,0.9170424383649504,0.9442537313432837,0.7000951966517565
RTDETR_L_150epochs,117,jackfruit,0.9757599278200344,0.8879667135077549,0.9043598750975801,0.6727499130320489
YOLO26s_150epochs,117,jackfruit,0.9917125775026573,0.8799016569013495,0.9042047894839591,0.6557935452645197
RTDETR_L_150epochs,118,kale,0.9817642956615904,0.828284249932574,0.8430972367351678,0.5944636573149653
YOLO26s_150epochs,118,kale,0.9328093627918445,0.7475585073482872,0.7832014076354054,0.5339274447331619
RTDETR_L_150epochs,119,kamut,0.9826413566871112,0.9084967320261438,0.9228426422588348,0.6807372575704295
YOLO26s_150epochs,119,kamut,0.9709807700615631,0.8366013071895425,0.8608906820552948,0.6550860762480144
RTDETR_L_150epochs,120,kidney_bean,0.9933832486841611,0.9442284515651832,0.9548039215686275,0.7341581592693059
YOLO26s_150epochs,120,kidney_bean,0.9703854730422758,0.9245283018867925,0.9335812775689769,0.713300841314465
RTDETR_L_150epochs,121,kiwi,0.9929737657643685,0.9044117647058824,0.9149200000000001,0.7093755984747419
YOLO26s_150epochs,121,kiwi,0.9600492655446872,0.8834940181306228,0.9030738788266055,0.6844802188128675
RTDETR_L_150epochs,122,kohlrabi,0.9919164191882,0.9089572256179647,0.9138709677419355,0.6619669547802877
YOLO26s_150epochs,122,kohlrabi,0.9254893176225285,0.837037037037037,0.8596790051169503,0.6233456655214661
RTDETR_L_150epochs,123,kumquat,0.9916535929657789,0.9318181818181818,0.9347580645161291,0.7123515976842636
YOLO26s_150epochs,123,kumquat,0.9801801218664397,0.9393939393939394,0.9446068948412699,0.6920469096012914
RTDETR_L_150epochs,124,lamb,1.0,0.9390594909437741,0.9548550724637681,0.7322824800363699
YOLO26s_150epochs,124,lamb,0.9656292886858415,0.8881118881118881,0.9214684818392596,0.680493546299964
RTDETR_L_150epochs,125,lasagna,1.0,0.9136494033735998,0.915,0.742800096268917
YOLO26s_150epochs,125,lasagna,0.9627813483844234,0.8920863309352518,0.9220113703409646,0.7380711518501838
RTDETR_L_150epochs,126,leek,0.9821044355635582,0.9219858156028369,0.925,0.695666257379079
YOLO26s_150epochs,126,leek,0.9568298165803043,0.900709219858156,0.904765625,0.6690125382106842
RTDETR_L_150epochs,127,lemon,0.9681659315750772,0.9219858156028369,0.9238554381333791,0.6530994012372974
YOLO26s_150epochs,127,lemon,0.9265567492419456,0.8947555687063344,0.9092704833461736,0.6540625012731465
RTDETR_L_150epochs,128,lemongrass,0.9925151273769741,0.9539899288664233,0.9547761194029851,0.7149564071552093
YOLO26s_150epochs,128,lemongrass,0.9586033903565274,0.8705035971223022,0.9000255112489104,0.6480008315105446
RTDETR_L_150epochs,129,lentils,0.9536281683187984,0.8129496402877698,0.8262269486441387,0.5260060800374481
YOLO26s_150epochs,129,lentils,0.8890464778311978,0.7338129496402878,0.7543854348805281,0.46870698857690024
RTDETR_L_150epochs,130,lettuce,0.9731527714487965,0.8611111111111112,0.8647606246799795,0.6864906531598631
YOLO26s_150epochs,130,lettuce,0.9633471996600562,0.8402777777777778,0.8535299442536717,0.6693794072311358
RTDETR_L_150epochs,131,lima_bean,0.9788619350399588,0.8467153284671532,0.8617445672641104,0.6407429879257769
YOLO26s_150epochs,131,lima_bean,0.9262961328578476,0.8029197080291971,0.8196538992913105,0.648495338876721
RTDETR_L_150epochs,132,lime,0.9778520186357812,0.8330462518929623,0.8532708397965336,0.6288926016309764
YOLO26s_150epochs,132,lime,0.9699244344542287,0.8113103321988032,0.8618943918744822,0.623849982986391
RTDETR_L_150epochs,133,linguine,0.9975018002329639,0.9696969696969697,0.965,0.7543506969567714
YOLO26s_150epochs,133,linguine,0.9811134040686716,0.9621212121212122,0.9742362406716419,0.7360490105738473
RTDETR_L_150epochs,134,lobster,0.9956203325159745,0.8979591836734694,0.9044326241134752,0.6832229802377248
YOLO26s_150epochs,134,lobster,0.9698622336430945,0.8756826085683109,0.883890979524073,0.6482358673972368
RTDETR_L_150epochs,135,lychee,1.0,0.9465302629785485,0.9450000000000001,0.7278431897719408
YOLO26s_150epochs,135,lychee,0.9764080552990603,0.9057971014492754,0.9236942489327863,0.6638469830189575
RTDETR_L_150epochs,136,macaroni,0.9856674806455117,0.8816960684668523,0.9230213054238081,0.6753400173366952
YOLO26s_150epochs,136,macaroni,0.9528029908836472,0.8525641025641025,0.8721911427914775,0.6488397399808896
RTDETR_L_150epochs,137,mackerel,0.9850558441882497,0.8968205956564114,0.913637037037037,0.6770924259885017
YOLO26s_150epochs,137,mackerel,0.9335662552525129,0.8603752429600426,0.8712161727339157,0.6080260775447386
RTDETR_L_150epochs,138,mandarin,0.9605507347852645,0.8992805755395683,0.9106369047619047,0.6403534519550166
YOLO26s_150epochs,138,mandarin,0.9213180102760286,0.8489208633093526,0.8788723502437918,0.642089145539962
RTDETR_L_150epochs,139,mango,0.9924804619492543,0.920863309352518,0.925,0.7133033335009615
YOLO26s_150epochs,139,mango,0.9814252796056514,0.9064748201438849,0.9143004807692308,0.6892864532709069
RTDETR_L_150epochs,140,milk,0.9943194650624932,0.9078014184397163,0.9235139949109415,0.7329978656601045
YOLO26s_150epochs,140,milk,0.9747289277165004,0.8794326241134752,0.8845311923218899,0.7362852818416897
RTDETR_L_150epochs,141,millet,0.9581475264621913,0.854248772955359,0.8708085747177647,0.651117553382409
YOLO26s_150epochs,141,millet,0.9631996722274782,0.781318174369166,0.8443265002143645,0.6120743068861882
RTDETR_L_150epochs,142,mulberry,0.9822309442214409,0.891156462585034,0.9141290603880532,0.6419149067009055
YOLO26s_150epochs,142,mulberry,0.990719910429039,0.8775510204081632,0.8830023310023312,0.618972747545907
RTDETR_L_150epochs,143,mung_bean,0.9816628173977759,0.9104477611940298,0.9243685006617508,0.6668036684644246
YOLO26s_150epochs,143,mung_bean,0.9838092775452255,0.906936944476788,0.9235346066727885,0.6613678019354206
RTDETR_L_150epochs,144,mushroom,0.9920159566919381,0.9415584415584416,0.9448630136986302,0.7369115279998011
YOLO26s_150epochs,144,mushroom,0.9929045292587397,0.9086714777111903,0.9343902097902099,0.7250817055262737
RTDETR_L_150epochs,145,mustard_green,0.976569251602091,0.8561151079136691,0.8726858694316104,0.6377876912467121
YOLO26s_150epochs,145,mustard_green,0.9505126449047517,0.7985611510791367,0.8344109131093504,0.5779324857920213
RTDETR_L_150epochs,146,mutton,0.9920062282363408,0.9090909090909091,0.905,0.7350628909965591
YOLO26s_150epochs,146,mutton,0.9683855642401837,0.9020979020979021,0.92254705454567,0.723119612700334
RTDETR_L_150epochs,147,navy_bean,0.9364465016280975,0.8419932148594064,0.8356365719758485,0.6070880566762695
YOLO26s_150epochs,147,navy_bean,0.9289962807443217,0.7476579724108349,0.8006996673478348,0.5518877135137846
RTDETR_L_150epochs,148,nectarine,1.0,0.9458910384374799,0.9550000000000001,0.6984324901324811
YOLO26s_150epochs,148,nectarine,0.9850342874421752,0.933620818420031,0.9536740211983561,0.6997818502729138
RTDETR_L_150epochs,149,nutmeg,0.9780980392196534,0.9368826730549707,0.9341840069724372,0.7084655234966157
YOLO26s_150epochs,149,nutmeg,0.9265921830275353,0.8827031847335921,0.9100611874690194,0.720456884017634
RTDETR_L_150epochs,150,oat,0.9916967268279678,0.927007299270073,0.9246875000000001,0.6941248158842321
YOLO26s_150epochs,150,oat,0.9842573743016654,0.9127294768170519,0.9340573870573872,0.6801684029522888
RTDETR_L_150epochs,151,octopus,0.9902479519949887,0.9591836734693877,0.9647931034482758,0.7451686432847135
YOLO26s_150epochs,151,octopus,0.9465723353694071,0.9319727891156463,0.9609038036148152,0.7302658963556525
RTDETR_L_150epochs,152,olive_oil,0.9624991389142835,0.891156462585034,0.9121867333810707,0.6579596810303228
YOLO26s_150epochs,152,olive_oil,0.9676766727054068,0.8435374149659864,0.8618175562500494,0.6202683031279281
RTDETR_L_150epochs,153,olives,0.9969124369226026,0.935251798561151,0.935,0.7122575264732077
YOLO26s_150epochs,153,olives,0.9784563921385148,0.8705035971223022,0.8939644644896863,0.714725761924685
RTDETR_L_150epochs,154,onion,0.9928919971823905,0.9070650933791435,0.9144366197183098,0.7003927897901387
YOLO26s_150epochs,154,onion,0.933924877457312,0.8571428571428571,0.8888897224124599,0.6770144227585444
RTDETR_L_150epochs,155,orange,0.9832481890389025,0.8631769833659162,0.8591068376068378,0.6653917032771507
YOLO26s_150epochs,155,orange,0.948218054819505,0.8602941176470589,0.8980728356316143,0.6864117222908934
RTDETR_L_150epochs,156,ostrich,0.9845745962379401,0.9118427818223371,0.9219077639152827,0.644728112910209
YOLO26s_150epochs,156,ostrich,0.9691356089599816,0.897150289748023,0.9127889316019832,0.6273459414738451
RTDETR_L_150epochs,157,oyster,0.9891394529722098,0.9436619718309859,0.9547826086956521,0.7499044216202199
YOLO26s_150epochs,157,oyster,0.9556414618721799,0.9103019248512005,0.9133348232324126,0.7462392004434334
RTDETR_L_150epochs,158,papaya,1.0,0.9033502086300605,0.925,0.7051983439713174
YOLO26s_150epochs,158,papaya,0.9758098044192728,0.8769371219776027,0.9040695437879425,0.6933820292757219
RTDETR_L_150epochs,159,paprika,0.9906960374617623,0.9191176470588235,0.915,0.7309787212727014
YOLO26s_150epochs,159,paprika,0.983985103941468,0.9035629084292433,0.9140390337648472,0.7362197119998508
RTDETR_L_150epochs,160,parsnip,0.9690097539638556,0.8508394115201687,0.8624101922028353,0.6433617873605305
YOLO26s_150epochs,160,parsnip,0.9839408214575265,0.8336147367063262,0.8542245244153641,0.6253169959654884
RTDETR_L_150epochs,161,partridge,0.9677843364250297,0.8583164546213574,0.8931972308013995,0.6087272607522103
YOLO26s_150epochs,161,partridge,0.9598754780061194,0.8214285714285714,0.8703589663285229,0.6211195003233416
RTDETR_L_150epochs,162,passion_fruit,0.9683134126682287,0.8571428571428571,0.8711311537054242,0.6083266401316803
YOLO26s_150epochs,162,passion_fruit,0.9630701552231083,0.8571428571428571,0.8795938684744814,0.6572523708047084
RTDETR_L_150epochs,163,pasta,0.9392302004430153,0.8450704225352113,0.8522062111899551,0.630302789285392
YOLO26s_150epochs,163,pasta,0.9119412398682543,0.8098591549295775,0.8512233018691239,0.6108741427241912
RTDETR_L_150epochs,164,pasta_sauce,0.995184150610221,0.9337748344370861,0.935,0.7400912222678067
YOLO26s_150epochs,164,pasta_sauce,0.9928726501778872,0.9225570497449838,0.9345156902749442,0.7617671376229062
RTDETR_L_150epochs,165,pawpaw,0.9851987012714519,0.9375,0.9342590134925902,0.6488101559546289
YOLO26s_150epochs,165,pawpaw,0.9624840035601782,0.875,0.9015780479756829,0.6154968603556477
RTDETR_L_150epochs,166,peach,0.9617755951718705,0.898626265395649,0.8942983206106871,0.6809056139594843
YOLO26s_150epochs,166,peach,0.9295522590712099,0.8482551773504661,0.8867737806978037,0.6660274864183957
RTDETR_L_150epochs,167,peanut_oil,0.99718182561319,0.9177215189873418,0.915,0.742228902346959
YOLO26s_150epochs,167,peanut_oil,0.9645075565753053,0.8987341772151899,0.8940831745527681,0.7236729371242909
RTDETR_L_150epochs,168,pear,0.9912191035755983,0.9555555555555556,0.9550000000000001,0.7672267983478694
YOLO26s_150epochs,168,pear,0.9839514116501575,0.9083217799164534,0.923821828117238,0.7363397978271593
RTDETR_L_150epochs,169,peas,0.9640746228451081,0.9428571428571428,0.9440240641711231,0.7721160942036257
YOLO26s_150epochs,169,peas,0.9774812843402553,0.9301701178857865,0.943630906454349,0.7426898400169695
RTDETR_L_150epochs,170,penne,0.9181109101865957,0.8823529411764706,0.890119169821459,0.646020631457369
YOLO26s_150epochs,170,penne,0.8653653983225886,0.8507116539645327,0.8686392663190048,0.5960794105092673
RTDETR_L_150epochs,171,pepper,0.9854258683730828,0.930379746835443,0.9347315436241611,0.7158178289700075
YOLO26s_150epochs,171,pepper,0.9604877348010086,0.879746835443038,0.9125325617092035,0.6936559877733143
RTDETR_L_150epochs,172,pesto,0.9922738926337852,0.9440993788819876,0.9450000000000001,0.7102458496952824
YOLO26s_150epochs,172,pesto,0.9700462229710519,0.9130434782608695,0.9325433958423459,0.7005250848548907
RTDETR_L_150epochs,173,pheasant,0.9852610182455771,0.9150326797385621,0.9125177304964541,0.6828794688698951
YOLO26s_150epochs,173,pheasant,0.9952441446324626,0.8627450980392157,0.865,0.6446340761317232
RTDETR_L_150epochs,174,pickle,0.9881022965580458,0.9078014184397163,0.9339726247987118,0.7383024979548616
YOLO26s_150epochs,174,pickle,0.9549174956751866,0.8794326241134752,0.8932017757195643,0.6858633583728003
RTDETR_L_150epochs,175,pineapple,0.9897479319564397,0.9261744966442953,0.9227697841726619,0.6773072104840531
YOLO26s_150epochs,175,pineapple,0.985013952366859,0.8822773794703362,0.8944786324786325,0.6477715715427885
RTDETR_L_150epochs,176,pinto_bean,0.9949328315861371,0.8731343283582089,0.8937885572139304,0.6890711451004302
YOLO26s_150epochs,176,pinto_bean,0.9707155235877256,0.7421325642105593,0.7990993230424888,0.5963891962191092
RTDETR_L_150epochs,177,plum,0.9921551708904542,0.9299592499648782,0.9349218750000001,0.7006427978865382
YOLO26s_150epochs,177,plum,0.9937271835225828,0.8602941176470589,0.8749166666666667,0.6901966720385
RTDETR_L_150epochs,178,pluot,0.9924759983623004,0.9558596177430948,0.964776663881927,0.7385465941488107
YOLO26s_150epochs,178,pluot,0.9632321047606937,0.9130434782608695,0.9239887716450217,0.6765642091459767
RTDETR_L_150epochs,179,polenta,0.9885281891115989,0.9064748201438849,0.905,0.6826409624620706
YOLO26s_150epochs,179,polenta,0.9839316575012557,0.881081623271451,0.8942243480419537,0.6498785021910224
RTDETR_L_150epochs,180,pomelo,0.9910754189728166,0.9241379310344827,0.9347826086956522,0.6426035630632371
YOLO26s_150epochs,180,pomelo,0.9776340617895435,0.9043682247651513,0.9410555032131197,0.6593594588310484
RTDETR_L_150epochs,181,pork,0.9978678984088213,0.9571428571428572,0.9550000000000001,0.7246870721630103
YOLO26s_150epochs,181,pork,0.9729656741926647,0.8928571428571429,0.9136165548133901,0.7076970594429975
RTDETR_L_150epochs,182,potato,0.9844946738988772,0.8827586206896552,0.8932286243202592,0.683146699178652
YOLO26s_150epochs,182,potato,0.9806589473351984,0.8551724137931035,0.8841554312354313,0.6550152721980063
RTDETR_L_150epochs,183,pumpkin,0.9974959487617543,0.9692307692307692,0.965,0.8009401356777139
YOLO26s_150epochs,183,pumpkin,0.9833429822363454,0.9082311618143721,0.9638870508833455,0.811160223628192
RTDETR_L_150epochs,184,quail,0.9852917840697115,0.9369131311884733,0.9415637282425605,0.7062519111637137
YOLO26s_150epochs,184,quail,0.9607579251445953,0.8671328671328671,0.8781124527118761,0.6776010908594853
RTDETR_L_150epochs,185,quinoa,0.9734418971403745,0.9605263157894737,0.9643233428335019,0.720592569825455
YOLO26s_150epochs,185,quinoa,0.9655263265803781,0.9210526315789473,0.9237226399331664,0.717180793341146
RTDETR_L_150epochs,186,rabbit,0.9975794985546785,0.9379310344827586,0.935,0.7146323700187367
YOLO26s_150epochs,186,rabbit,0.9590411760332423,0.9103448275862069,0.9323074951527853,0.696220492218535
RTDETR_L_150epochs,187,radicchio,0.9929116037769431,0.9594255535750307,0.9649295774647887,0.7209768246783126
YOLO26s_150epochs,187,radicchio,0.9855931214346132,0.9371481347902442,0.9444329353464986,0.7274501268362716
RTDETR_L_150epochs,188,radish,1.0,0.922563905546201,0.9349253731343284,0.6996507844884454
YOLO26s_150epochs,188,radish,0.9776077926398522,0.9159116093879851,0.9527071225634542,0.6888215369181621
RTDETR_L_150epochs,189,ramp,0.9880189327073354,0.8523489932885906,0.8638501320422536,0.6141390167105802
YOLO26s_150epochs,189,ramp,0.9605841607452147,0.8178090473086264,0.8233094007283965,0.5748585850270687
RTDETR_L_150epochs,190,raspberry,0.9899842001814636,0.9571428571428572,0.954037037037037,0.7050577949294494
YOLO26s_150epochs,190,raspberry,0.9920307262251697,0.889170986045877,0.924085977165951,0.6851915167616041
RTDETR_L_150epochs,191,refried_bean,0.9969805803147975,0.9379310344827586,0.935,0.7310210723006219
YOLO26s_150epochs,191,refried_bean,0.9776306515059691,0.9042264040068487,0.9237301640963724,0.7390972726571027
RTDETR_L_150epochs,192,rhubarb,0.983741087704784,0.9185185185185185,0.9148400000000001,0.6606304232974147
YOLO26s_150epochs,192,rhubarb,0.9833089514797332,0.8727845449281132,0.8943427402410206,0.5810936079672968
RTDETR_L_150epochs,193,rice,0.9836250413849696,0.9101415569047544,0.9244436975865822,0.7314221919570376
YOLO26s_150epochs,193,rice,0.9619883724698081,0.8636363636363636,0.9005703449824014,0.7145288000908525
RTDETR_L_150epochs,194,rigatoni,1.0,0.9344565233217731,0.935,0.7189184153707358
YOLO26s_150epochs,194,rigatoni,0.9798369941708055,0.9154929577464789,0.9335586595117846,0.6877586414956489
RTDETR_L_150epochs,195,romaine,0.9924321649818161,0.9473684210526315,0.9450000000000001,0.721316135772119
YOLO26s_150epochs,195,romaine,0.9749294616330845,0.9276315789473685,0.9630685683990194,0.7143645106435546
RTDETR_L_150epochs,196,rotini,0.9916850370958995,0.9104331193317612,0.9149173553719009,0.6734082579113516
YOLO26s_150epochs,196,rotini,1.0,0.8569118701198286,0.9048319327731092,0.6391936842045194
RTDETR_L_150epochs,197,rutabaga,0.9792484736643376,0.8944099378881988,0.8941034482758621,0.6628080909077207
YOLO26s_150epochs,197,rutabaga,0.9856757496644476,0.8548139393482904,0.8645099206349206,0.6318314750621121
RTDETR_L_150epochs,198,salmon,0.9952038634108035,0.9393939393939394,0.9441911764705883,0.6758814966650739
YOLO26s_150epochs,198,salmon,0.9688118215758602,0.9015151515151515,0.9046666435169108,0.6178234719901456
RTDETR_L_150epochs,199,salsa,0.9925478409346699,0.9249336285290143,0.9444972419227738,0.7234778088222883
YOLO26s_150epochs,199,salsa,0.9717281405451518,0.9027777777777778,0.9041558441558442,0.6942445293718938
RTDETR_L_150epochs,200,salt,0.9804667719593682,0.9285714285714286,0.9438346366005941,0.7372575974819455
YOLO26s_150epochs,200,salt,0.966223567482895,0.8428571428571429,0.8817481003635776,0.7031033129931722
RTDETR_L_150epochs,201,santol,1.0,0.9163568376841045,0.915,0.7082820333879571
YOLO26s_150epochs,201,santol,0.9916180219724153,0.8635427282196441,0.8847547537458846,0.6673260511606877
RTDETR_L_150epochs,202,sapote,0.9982003541127705,0.9533333333333334,0.9550000000000001,0.7558125805080405
YOLO26s_150epochs,202,sapote,0.9927906231030486,0.9180648824178522,0.9339037341555327,0.7222311287896404
RTDETR_L_150epochs,203,sardine,0.9922265271136751,0.9670031492500266,0.9645348837209302,0.7065171020510111
YOLO26s_150epochs,203,sardine,0.9853308450957117,0.9166666666666666,0.9424484936041716,0.6786783122766912
RTDETR_L_150epochs,204,sausage,0.9970730516717308,0.9698795180722891,0.9848780487804879,0.7987823921933096
YOLO26s_150epochs,204,sausage,0.9143737494762199,0.9006192215999603,0.9270972368004969,0.7700982766622119
RTDETR_L_150epochs,205,savoy_cabbage,0.946912343086977,0.8478260869565217,0.8509201440603634,0.5974062385930478
YOLO26s_150epochs,205,savoy_cabbage,0.9568710062209268,0.8038539463582095,0.8400429558982712,0.558740233853311
RTDETR_L_150epochs,206,scallop,0.9941983114312196,0.9324324324324325,0.935,0.688745286058918
YOLO26s_150epochs,206,scallop,0.9626402761091365,0.918918918918919,0.9234908249870692,0.6895794156206388
RTDETR_L_150epochs,207,semolina,0.9842352038655277,0.9318348218513935,0.9443079742304941,0.7134929966959889
YOLO26s_150epochs,207,semolina,0.9748061448727315,0.8662481313000148,0.8740644283121597,0.6704590517876455
RTDETR_L_150epochs,208,sesame_oil,1.0,0.9136672898399798,0.9337974683544304,0.6777358267458039
YOLO26s_150epochs,208,sesame_oil,0.954168084272331,0.8791946308724832,0.9022967555151515,0.6061290427030939
RTDETR_L_150epochs,209,shallot,0.9876266484969801,0.8874172185430463,0.8849259259259259,0.6629807661210478
YOLO26s_150epochs,209,shallot,0.9437529604811931,0.8543046357615894,0.888881284905558,0.6617650137718096
RTDETR_L_150epochs,210,shrimp,0.9854759673423196,0.912751677852349,0.9145620437956206,0.6954635454633137
YOLO26s_150epochs,210,shrimp,0.9646361079926985,0.8791946308724832,0.8927690145502646,0.6724465819353305
RTDETR_L_150epochs,211,sorghum,0.9790310823459961,0.9523809523809523,0.9548591549295775,0.7590181156724717
YOLO26s_150epochs,211,sorghum,0.979652909047352,0.9047619047619048,0.9146328737496621,0.6957230779776368
RTDETR_L_150epochs,212,sour_cherry,0.9888722133205775,0.8926174496644296,0.8946268656716418,0.6668671582307051
YOLO26s_150epochs,212,sour_cherry,0.9771558258198335,0.8612495303726201,0.8736841079124611,0.6585150797896572
RTDETR_L_150epochs,213,soursop,0.9837104832672692,0.943591843393127,0.9448373983739838,0.7117551668501043
YOLO26s_150epochs,213,soursop,0.9581924680954592,0.895294444379934,0.9193596553071985,0.6878774665034421
RTDETR_L_150epochs,214,soybean,0.9706518281773543,0.7205882352941176,0.7433556623931624,0.5639727552983194
YOLO26s_150epochs,214,soybean,0.9784117061450298,0.6665094035914518,0.7639117453031907,0.5671554643721952
RTDETR_L_150epochs,215,spaghetti,0.9755305666864369,0.8896103896103896,0.8928548470412673,0.7010366721405873
YOLO26s_150epochs,215,spaghetti,0.9765805088430936,0.8051948051948052,0.8317657005018584,0.6321005401576978
RTDETR_L_150epochs,216,spelt,0.981362622005486,0.9246575342465754,0.9240314430095452,0.7032288834697173
YOLO26s_150epochs,216,spelt,0.9644241003277295,0.8561643835616438,0.8926441118984052,0.6387721564629159
RTDETR_L_150epochs,217,spinach,0.9841990233680312,0.9197080291970803,0.915,0.7092466346765705
YOLO26s_150epochs,217,spinach,0.9294185495212194,0.8650672676536431,0.8915275591226355,0.7147509014789473
RTDETR_L_150epochs,218,squab,1.0,0.9222466788276321,0.935,0.6384661414577069
YOLO26s_150epochs,218,squab,0.9846111440791935,0.8474466430730948,0.8636667757209742,0.6056048002399359
RTDETR_L_150epochs,219,squirrel,0.9916431570030756,0.8240575139161016,0.8438504766013394,0.5705406169252817
YOLO26s_150epochs,219,squirrel,0.9183373723289796,0.7809518119226856,0.8082631940023501,0.5390103804575667
RTDETR_L_150epochs,220,strawberry,0.9926153817676908,0.927023512102087,0.9349264705882354,0.7107651236818513
YOLO26s_150epochs,220,strawberry,0.9924456559668544,0.9103448275862069,0.9242862437784602,0.6917325799669533
RTDETR_L_150epochs,221,sugar,0.98037686203239,0.9236111111111112,0.9324392710560594,0.7123428648272813
YOLO26s_150epochs,221,sugar,0.9292850097567903,0.8611111111111112,0.8972377666331872,0.6717434653697463
RTDETR_L_150epochs,222,sun_dried_tomato,1.0,0.9357838686536588,0.9443939393939395,0.7330256098801758
YOLO26s_150epochs,222,sun_dried_tomato,0.9458975673850152,0.9083969465648855,0.931194725646237,0.6889471498188227
RTDETR_L_150epochs,223,sunflower_oil,0.9922919655374647,0.9195447290234466,0.9243846153846154,0.6761152463690842
YOLO26s_150epochs,223,sunflower_oil,0.969568577753643,0.8571428571428571,0.8924723355713313,0.6415357007866803
RTDETR_L_150epochs,224,sweet_potato,0.9760465656679959,0.9403420750536797,0.9427293844367017,0.7346311456360775
YOLO26s_150epochs,224,sweet_potato,0.9599061480188632,0.9208389142959683,0.9422673450546822,0.7532314341635538
RTDETR_L_150epochs,225,swiss_chard,0.9372480596702271,0.8194444444444444,0.8328897720850081,0.5995918762026295
YOLO26s_150epochs,225,swiss_chard,0.9104863868582762,0.8333333333333334,0.8642448879436686,0.5747714896801811
RTDETR_L_150epochs,226,tangerine,0.9415833160870889,0.9017310710967148,0.9090260236032055,0.6364895165463403
YOLO26s_150epochs,226,tangerine,0.904735708607734,0.8633866179555134,0.9032967812011289,0.634849854841793
RTDETR_L_150epochs,227,teff,1.0,0.848978116879151,0.8633561643835617,0.6569477567431226
YOLO26s_150epochs,227,teff,0.9674697339358469,0.8085106382978723,0.8416624985092427,0.6472637012522757
RTDETR_L_150epochs,228,tomato,0.9921553528548042,0.9368697482051552,0.9546946022727273,0.7353486523548398
YOLO26s_150epochs,228,tomato,0.991718852430123,0.8870943502621148,0.9337243052085336,0.7098894304760669
RTDETR_L_150epochs,229,trout,0.9986019876769243,0.9264705882352942,0.9338811188811189,0.6963698368013942
YOLO26s_150epochs,229,trout,0.9601447110389846,0.8857047042117742,0.9015295805406451,0.6576977166980795
RTDETR_L_150epochs,230,tuna,0.9916475024875968,0.9463087248322147,0.9449295774647888,0.7059122292959794
YOLO26s_150epochs,230,tuna,0.9718960035165186,0.8657718120805369,0.9087632639765179,0.6867306294781458
RTDETR_L_150epochs,231,turkey,0.991621364708762,0.9090909090909091,0.9039256198347108,0.700993676879982
YOLO26s_150epochs,231,turkey,0.974462620546358,0.8672498466237875,0.8930264236434486,0.6732373224880466
RTDETR_L_150epochs,232,turmeric,0.9884161404714394,0.9411764705882353,0.9546052631578947,0.7580974038290781
YOLO26s_150epochs,232,turmeric,0.9487289700402018,0.9281045751633987,0.9517474902245274,0.7695799483881536
RTDETR_L_150epochs,233,turnip,0.9901080758425355,0.920863309352518,0.9345418779506907,0.6879544696065971
YOLO26s_150epochs,233,turnip,0.9648738806115582,0.8776978417266187,0.8892380799559874,0.6436239305922143
RTDETR_L_150epochs,234,vegetable_oil,1.0,0.9581874282850514,0.9550000000000001,0.7573325269794975
YOLO26s_150epochs,234,vegetable_oil,0.9599128098396107,0.9105691056910569,0.9271844805768599,0.7621802607891622
RTDETR_L_150epochs,235,venison,0.9369961951349964,0.8356164383561644,0.8423333056773734,0.6574369724607918
YOLO26s_150epochs,235,venison,0.8673995372921456,0.863013698630137,0.9075608833872142,0.6892986862347644
RTDETR_L_150epochs,236,watercress,0.9964690546798419,0.927007299270073,0.925,0.689728014359573
YOLO26s_150epochs,236,watercress,0.9772716518881704,0.9415605947694469,0.9447727272727273,0.6687480884138958
RTDETR_L_150epochs,237,wheat_bran,0.9895297033943226,0.9014084507042254,0.9048449612403101,0.6897197571962008
YOLO26s_150epochs,237,wheat_bran,0.9622224169328126,0.8732394366197183,0.8936377635631367,0.654546724303601
RTDETR_L_150epochs,238,white_peach,0.9544008576084853,0.9280575539568345,0.9236714490185387,0.7126575738302542
YOLO26s_150epochs,238,white_peach,0.9414009857897121,0.9246251503902133,0.9407510319469266,0.7445074925957889
RTDETR_L_150epochs,239,wild_boar,0.9815444607545927,0.9428571428571428,0.9449248120300753,0.7053483876323267
YOLO26s_150epochs,239,wild_boar,0.977236979247297,0.9199567741530009,0.933755815106879,0.7213570973584156
RTDETR_L_150epochs,240,yuzu,1.0,0.9643298945120464,0.965,0.7469994407926025
YOLO26s_150epochs,240,yuzu,0.9758546663615645,0.9472586682402346,0.9545973983739837,0.7298623678187899
